{"cameraMode":{"drawMode":0,"name":"Shaded","section":"Shading Mode"},"sceneLighting":true,"audioPlay":false,"sceneViewState":{"m_AlwaysRefresh":false,"showFog":true,"showSkybox":true,"showFlares":true,"showImageEffects":true,"showParticleSystems":true,"showVisualEffectGraphs":true,"m_FxEnabled":true},"in2DMode":false,"pivot":{"x":-3.5374228954315187,"y":1.828349232673645,"z":-4.878269195556641},"rotation":{"x":-0.002994311274960637,"y":-0.061461105942726138,"z":-0.0001843931822804734,"w":0.9981056451797485},"size":18.043581008911134,"orthographic":true}