{"cameraMode":{"drawMode":0,"name":"Shaded","section":"Shading Mode"},"sceneLighting":false,"audioPlay":false,"sceneViewState":{"showFog":true,"showMaterialUpdate":false,"showSkybox":true,"showFlares":true,"showImageEffects":true,"showParticleSystems":true},"in2DMode":false,"pivot":{"x":5.560115814208984,"y":5.885215759277344,"z":-0.4286785125732422},"rotation":{"x":0.08519558608531952,"y":0.06810519844293595,"z":0.005835933610796928,"w":-0.9940168261528015},"size":2.8578836917877199,"orthographic":true}